Id,Name,Lastname,Email
1,Gustavo,Galvis,ggalvis@gmail.com
2,Andres,Cifuentes,acifuentes@gmail.com
3,Luz,Ovalle,lovalle@gmail.com
4,Juan,Perez,jperez@gmail.com
5,Carlos,Avila,cavila@gmail.com
6,Laura,Soto,lsoto@gmail.com